{
  "feature": [
    "semantic_score",
    "bm25_score",
    "hybrid_score",
    "query_length",
    "query_word_count",
    "assessment_name_length",
    "query_assessment_name_overlap",
    "query_description_overlap",
    "duration_match_score",
    "duration_within_budget",
    "test_type_match_count",
    "test_type_match_ratio",
    "has_knowledge_test",
    "has_personality_test",
    "has_behavioral_test",
    "has_cognitive_test",
    "has_situational_test",
    "technical_skill_overlap",
    "soft_skill_overlap",
    "domain_skill_overlap",
    "total_skill_overlap",
    "skill_coverage_ratio",
    "level_match",
    "role_category_match",
    "assessment_skill_count",
    "assessment_tag_count",
    "assessment_has_remote",
    "assessment_has_adaptive",
    "gemini_score",
    "gemini_confidence",
    "gemini_rank"
  ],
  "mean": [
    0.5,
    5.0,
    0.5,
    1224.5999755859375,
    173.89999389648438,
    31.90999984741211,
    0.009088822640478611,
    0.13553264737129211,
    0.49150556325912476,
    0.4620000123977661,
    0.0,
    0.0,
    0.2460000067949295,
    0.6359999775886536,
    0.6340000033378601,
    0.14000000059604645,
    0.28600001335144043,
    0.07800000160932541,
    0.07000000029802322,
    0.009999999776482582,
    0.15800000727176666,
    0.022761905565857887,
    0.16599999368190765,
    0.08399999886751175,
    2.7360000610351562,
    0.5320000052452087,
    1.0,
    0.4320000112056732,
    0.0,
    0.0,
    800.0999755859375
  ],
  "std": [
    0.0,
    0.0,
    0.0,
    1437.1529541015625,
    194.0739288330078,
    9.526063919067383,
    0.02061975933611393,
    0.09564649313688278,
    0.18900957703590393,
    0.49855390191078186,
    0.0,
    0.0,
    0.4306785762310028,
    0.4811486601829529,
    0.48170945048332214,
    0.3469870388507843,
    0.4518893361091614,
    0.27552857995033264,
    0.2551470100879669,
    0.09949874877929688,
    0.38083595037460327,
    0.05486566200852394,
    0.37208062410354614,
    0.2773878574371338,
    1.6341065168380737,
    0.8055904507637024,
    0.0,
    0.49535441398620605,
    0.0,
    0.0,
    397.8020935058594
  ],
  "min": [
    0.5,
    5.0,
    0.5,
    51.0,
    8.0,
    9.0,
    0.0,
    0.0,
    0.05000000074505806,
    0.0,
    0.0,
    0.0,
    0.0,
    0.0,
    0.0,
    0.0,
    0.0,
    0.0,
    0.0,
    0.0,
    0.0,
    0.0,
    0.0,
    0.0,
    0.0,
    0.0,
    1.0,
    0.0,
    0.0,
    0.0,
    0.0
  ],
  "p25": [
    0.5,
    5.0,
    0.5,
    128.0,
    26.0,
    24.0,
    0.0,
    0.06270626932382584,
    0.4437499940395355,
    0.0,
    0.0,
    0.0,
    0.0,
    0.0,
    0.0,
    0.0,
    0.0,
    0.0,
    0.0,
    0.0,
    0.0,
    0.0,
    0.0,
    0.0,
    2.0,
    0.0,
    1.0,
    0.0,
    0.0,
    0.0,
    999.0
  ],
  "median": [
    0.5,
    5.0,
    0.5,
    169.5,
    32.5,
    32.0,
    0.0,
    0.09900990128517151,
    0.5,
    0.0,
    0.0,
    0.0,
    0.0,
    1.0,
    1.0,
    0.0,
    0.0,
    0.0,
    0.0,
    0.0,
    0.0,
    0.0,
    0.0,
    0.0,
    2.0,
    0.0,
    1.0,
    0.0,
    0.0,
    0.0,
    999.0
  ],
  "p75": [
    0.5,
    5.0,
    0.5,
    2855.0,
    372.0,
    38.25,
    0.006172839552164078,
    0.22580644488334656,
    0.5,
    1.0,
    0.0,
    0.0,
    0.0,
    1.0,
    1.0,
    0.0,
    1.0,
    0.0,
    0.0,
    0.0,
    0.0,
    0.0,
    0.0,
    0.0,
    4.0,
    1.0,
    1.0,
    1.0,
    0.0,
    0.0,
    999.0
  ],
  "max": [
    0.5,
    5.0,
    0.5,
    3827.0,
    498.0,
    50.0,
    0.1428571492433548,
    0.38461539149284363,
    1.0,
    1.0,
    0.0,
    0.0,
    1.0,
    1.0,
    1.0,
    1.0,
    1.0,
    2.0,
    1.0,
    1.0,
    2.0,
    0.2857142984867096,
    1.0,
    1.0,
    7.0,
    4.0,
    1.0,
    1.0,
    0.0,
    0.0,
    999.0
  ],
  "zeros_pct": [
    0.0,
    0.0,
    0.0,
    0.0,
    0.0,
    0.0,
    56.599999999999994,
    4.8,
    0.0,
    53.800000000000004,
    100.0,
    100.0,
    75.4,
    36.4,
    36.6,
    86.0,
    71.39999999999999,
    92.4,
    93.0,
    99.0,
    84.8,
    84.8,
    83.39999999999999,
    91.60000000000001,
    4.3999999999999995,
    63.4,
    0.0,
    56.8,
    100.0,
    100.0,
    2.0
  ]
}